payment_status,payments,amount,share_of_rows
Paid,107633,41897146.17,0.9297703065746395
Open,4495,1738750.86,0.038829332342803835
Failed,3635,1424632.8,0.0314003610825566
