event_type,events,share_of_events
login,88063,0.3803590093553208
report_view,51073,0.22059293556663181
automation_run,36664,0.15835802458471188
api_call,27934,0.12065167626961983
feature_use,27792,0.1200383542237157
