plan,active_customers,mrr,revenue_received,churn_rate,arpu,cancellations_current_month
Enterprise,938,1326661.25,16052235.04,0.0011173184357541898,1414.35,1
Scale,1986,1129640.89,13843881.52,0.007306889352818371,568.8,14
Growth,2987,708115.63,8630189.19,0.013942140118508192,237.07,40
Starter,2797,264759.02,3370840.42,0.019940915805022157,94.66,54
