region,revenue_received,paid_payments,share_of_total
Sudeste,19409156.11,49906,0.4632572354987189
Sul,9377209.44,23728,0.22381499212264935
Nordeste,8083570.92,21328,0.19293846142170293
Centro-Oeste,5027209.7,12671,0.11998931095692839
