engagement_group,customers,cancelled_customers,churn_rate,avg_engagement_score,avg_features_used
Low,35,3,0.08571428571428572,31.75,5.21
Medium,574,113,0.19686411149825783,61.27,6.16
High,9391,1176,0.1252262804813119,104.55,8.26
