product,category,events,share_of_events
Core CRM,Core,104331,0.45062325613538007
Analytics,Add-on,46209,0.19958449590974664
Automation,Add-on,41632,0.17981565785268178
API Package,Add-on,23203,0.1002176861346026
Success Services,Services,16151,0.06975890396758895
