plan,revenue_received,paid_payments,share_of_total
Enterprise,16052235.04,11368,0.3831343303161305
Scale,13843881.52,24315,0.3304254056786532
Growth,8630189.19,36386,0.20598513213722483
Starter,3370840.42,35564,0.08045513186799468
